url|page_id|post_id|title|date|topics|text_content|text_length_chars|record_type
https://www.mbalacouncil.gov.zm/?page_id=3645|3645.0||Public Notices – Mbala Municipal Council||budget_finance;notice|Public Notices – Mbala Municipal Council Menu Contact Information Mbala Municipal Council Mbala District Northern Province, Zambia A.K Wilombe Lane P.O Box 420057 Tel: 0971921116 Email:mbalacouncil@gmail.com Quick Links Ministry of Local Government and Rural Development Local Government Service Comission Ministry of Finance and National PlanningMinistry of Finance and National Planning Ministry of Agriculture National Assembly of Zambia Local Government Training Institute SMART Zambia ©2025. SMART Zambia Institute & Mbala Municipal Council. All Rights Reserved.|567|page
https://www.mbalacouncil.gov.zm/?page_id=3914|3914.0||Dept Of Finance – Mbala Municipal Council||budget_finance;department|Dept Of Finance – Mbala Municipal Council Menu Department of Finance and Accounting Finance Department is responsible for effective and efficient mobilisation and prudent utilisation of financial resources in order to enhance smooth operations of the council in the city of Livingstone. It has five (5) sections as follows: Revenue: The section is responsible for effective and efficient collection of all revenues due to the Council in order to finance Councils operations. Accountancy: This section is responsible for; Management of budget preparation process and maintenance of books of accounts for prudent utilisation of resources and timely production of financial reports for both internal and external users in order to facilitate decision making. Technical: Co-ordinating the timely production of financial reports for both internal and external users in order to facilitate decision making and Effective management and maintenance of the assets register in order to determine the value of and safeguard council assets. Expenditure: This section is responsible for; Effective monitoring of expenditure in order to ensure compliance with the council’s budget and Effective management of the payroll in order to ensure that expenditure on personal emoluments is contained within the budget limits Contact Information Mbala Municipal Council Mbala District Northern Province, Zambia A.K Wilombe Lane P.O Box 420057 Tel: 0971921116 Email:mbalacouncil@gmail.com Quick Links Ministry of Local Government and Rural Development Local Government Service Comission Ministry of Finance and National PlanningMinistry of Finance and National Planning Ministry of Agriculture National Assembly of Zambia Local Government Training Institute SMART Zambia ©2025. SMART Zambia Institute & Mbala Municipal Council. All Rights Reserved.|1825|page
https://www.mbalacouncil.gov.zm/?page_id=2104|2104.0||Application Forms – Mbala Municipal Council||cdf;budget_finance|Application Forms – Mbala Municipal Council Menu CDF APPLICATION FORMS CDF Community Projects Application Forms CDF Empowerment Grants Application Forms CDF Loan Empowerment Application Forms CDF Secondary Boarding School Bursary Application Forms CDF Skills Development Bursary Application Forms Contact Information Mbala Municipal Council Mbala District Northern Province, Zambia A.K Wilombe Lane P.O Box 420057 Tel: 0971921116 Email:mbalacouncil@gmail.com Quick Links Ministry of Local Government and Rural Development Local Government Service Comission Ministry of Finance and National PlanningMinistry of Finance and National Planning Ministry of Agriculture National Assembly of Zambia Local Government Training Institute SMART Zambia ©2025. SMART Zambia Institute & Mbala Municipal Council. All Rights Reserved.|818|page
https://www.mbalacouncil.gov.zm/?p=4208||4208.0|MBALA CBD GETS FACELIFT THROUGH THE PRESIDENT AVENUE CDF PROJECT|2026-09-08T08:54:02+00:00|cdf|Mbala District is bustling with excitement as the President Avenue Constituency Development Fund project is underway, promising to enhance the infrastructure and aesthetics of the Central Business District. Funded under the 2025 CDF allocation at a cost of 8.7 million kwacha, this high value project focuses on a critical 2.5 kilometer stretch of Mbala’s main street, aiming to improve urban infrastructure. The scope of the project includes construction of a high capacity Drainage System, Paving of Walkways and Installation of Street Lights. These enhancements are set to provide a safer and more accessible highway for pedestrians, cyclists and motorists. Currently, the contractor has made substantial progress in excavating the drainage and is actively paving the Sidewalks and installing Curb Stones along the designated stretch, representing 30% progress on the project. This project is crucial in improving overall road safety, reducing flooding risks and assuring longevity of President Avenue. Additionally, the project has created temporary employment opportunities for 48 local residents, which has improved their livelihoods and facilitated community involvement in the development process, ensuring that the benefits of the project extend beyond infrastructure improvements.|1290|post
https://www.mbalacouncil.gov.zm/?page_id=3932|3932.0||Dept of Agriculture – Mbala Municipal Council||department;news|Dept of Agriculture – Mbala Municipal Council Menu DEPARTMENT OF AGRICULTURE OBJECTIVE OF THE DEPARTMENT To enhance access to agricultural inputs; development and utilisation of climate smart agricultural technologies and practices; agriculture diversification promotion; and provision and coordination of training in agriculture. CROP PRODUCTION SERVICES Equipping farmers with technical skills and knowledge in field and horticultural crops Backstopping and supervision to farmers in order to provide technical guidance and support Equipping farmers with knowledge and skills on sustainable and climate smart crop production and land management practices, with a gender-sensitive approach among smallholder farmers in Zambia Research on Field crops as well as sustainable intensification practices and technologies among smallholder farmers that support increase in yields, while promoting green and climate-resilient nutrition sensitive agriculture CAMPS AND BLOCKS Training of farmers in order to ensure effective delivery of appropriate information on skills Demonstrations and agronomic practices of farmers in order to ensure effective delivery of appropriate technologies. Demonstrations and training of farmers in order to ensure effective delivery of appropriate information on technology National Agricultural Information Services (NAIS) Preparing and disseminating  news articles on agricultural programmes in order to inform the public Writing of feature articles on agricultural Programmes in order to inform and educate the public Production of photographs in order  to make them available for publications Recording of audio data in order to facilitate information dissemination Organising radio farm forums in order to facilitate information exchange between farmers and radio programme producers. Liaising with agricultural stakeholders in order to keep the public abreast latest developments in the sectors Coordinating agricultural events vested in the branch in order to achieve their objectives Preparing agricultural  literature in order to facilitate timely production of information and educational publications Land husbandry (TSB) Undertaking of surveys and analyses in order to identify, zone and demarcate suitable agricultural lands. Designing and implementation of agricultural land improvements in order to promote improved land productivity and welfare of rural communities. Identification and transmission of appropriate soil and water conservation and agroforestry technologies in order to facilitate production and productivity of land Inspection and monitoring of farm lands in order to detect land utilisation practices and assess farm productivity Maintenance of an up to date land husbandry database in order to ensure effective storage and retrieval of information Development and implementation of training in land husbandry in order to impart knowledge and skills Agribusiness and Marketing Collection, collation and dissemination of market information within the district in order to facilitate informed decision making by clients Development and Implementation of agribusiness programmes within the district in order to add value to primary agricultural products Development and identification of trade promotion programmes within the district in order to facilitate fair domestic and foreign agricultural trade. Conducting market research within the district in order to generate information. Identification of marketing infrastructural development needs and facilitates the rehabilitation and construction of marketing infrastructure within the district in order to improve market access. Development of sustainable agricultural financing and credit within the district in order to ensure resources are available for agribusiness and marketing Monitoring and evaluation of agribusiness and marketing programmes within the district in order to facilitate the implementation of appropriate interventions Linking farmers to the Input/Mechanisation Suppliers and Agricultural Financial Service Providers Food and Nutrition Capacity building programs in food and nutrition in order to enhance knowledge and skills to farmers Development and implementation of food and nutrition in order to enhance house hold food security. Monitoring and evaluation in food and nutrition in order to facilitate appropriate interventions Research in food and nutrition in order to generate information for decision making Contact Information Mbala Municipal Council Mbala District Northern Province, Zambia A.K Wilombe Lane P.O Box 420057 Tel: 0971921116 Email:mbalacouncil@gmail.com Quick Links Ministry of Local Government and Rural Development Local Government Service Comission Ministry of Finance and National PlanningMinistry of Finance and National Planning Ministry of Agriculture National Assembly of Zambia Local Government Training Institute SMART Zambia ©2025. SMART Zambia Institute & Mbala Municipal Council. All Rights Reserved.|4968|page
https://www.mbalacouncil.gov.zm/?page_id=3930|3930.0||Dept of Fisheries, Livestock and Veterinary Services – Mbala Municipal Council||budget_finance;department|Dept of Fisheries, Livestock and Veterinary Services – Mbala Municipal Council Menu Coming Soon………. Contact Information Mbala Municipal Council Mbala District Northern Province, Zambia A.K Wilombe Lane P.O Box 420057 Tel: 0971921116 Email:mbalacouncil@gmail.com Quick Links Ministry of Local Government and Rural Development Local Government Service Comission Ministry of Finance and National PlanningMinistry of Finance and National Planning Ministry of Agriculture National Assembly of Zambia Local Government Training Institute SMART Zambia ©2025. SMART Zambia Institute & Mbala Municipal Council. All Rights Reserved.|621|page
https://www.mbalacouncil.gov.zm/?page_id=3647|3647.0||Forms – Mbala Municipal Council||budget_finance|Forms – Mbala Municipal Council Menu Contact Information Mbala Municipal Council Mbala District Northern Province, Zambia A.K Wilombe Lane P.O Box 420057 Tel: 0971921116 Email:mbalacouncil@gmail.com Quick Links Ministry of Local Government and Rural Development Local Government Service Comission Ministry of Finance and National PlanningMinistry of Finance and National Planning Ministry of Agriculture National Assembly of Zambia Local Government Training Institute SMART Zambia ©2025. SMART Zambia Institute & Mbala Municipal Council. All Rights Reserved.|558|page
https://www.mbalacouncil.gov.zm/?page_id=3920|3920.0||Dept of Engineering Services – Mbala Municipal Council||budget_finance;department|Dept of Engineering Services – Mbala Municipal Council Menu Department of Engineering Services The role of this department is to facilitate engineering services such as; feeder roads, borehole drilling, inspection of buildings, scrutinizing building plans to make sure it’s the required standard, providing burial site, fire brigade services, maintenance of plant and machinery, Contact Information Mbala Municipal Council Mbala District Northern Province, Zambia A.K Wilombe Lane P.O Box 420057 Tel: 0971921116 Email:mbalacouncil@gmail.com Quick Links Ministry of Local Government and Rural Development Local Government Service Comission Ministry of Finance and National PlanningMinistry of Finance and National Planning Ministry of Agriculture National Assembly of Zambia Local Government Training Institute SMART Zambia ©2025. SMART Zambia Institute & Mbala Municipal Council. All Rights Reserved.|900|page
https://www.mbalacouncil.gov.zm/?page_id=3928|3928.0||Dept of Housing and Social Services – Mbala Municipal Council||department|Dept of Housing and Social Services – Mbala Municipal Council Menu Department of Housing and Social Services The department administrates all housing related services.  It integrates Human Settlements acts as an agent for Provincial Government and is working with them to achieve their vision, to develop sustainable integrated human settlements.  The department is also responsible for planning and implementation of various social services in low income groups, management of social amenities and recreation facilities run by the Local Authority. The Department is responsible for the provision of the following. Community development services and Social Protection Programs. Management and upgrading of unplanned settlements and Housing Services. Administration of Bus Stations and Markets. Responsible for the provision of Library Services, Sports and recreation activities and Skills development. The department is headed by the DHSS who is responsible for five section heads as listed. Community Development Sections This Section is headed by the CDO and is responsible for the following main functions. Facilitate the mobilisation of communities in community development activities. Coordinate and implement social protection programs. ( GBV, Child abuse, early marriages, teen pregnancies and other cross-cutting issues) Implement skills development to enhance the availability of skills in communities. Coordinate the development of community sports in the district. Facilitate the provision of early childhood education and adult literacy. Registration and management of community voluntary organizations. Library Services Section Provide Library information services to support research. Peri-Urban and Housing Section Coordinate the upgrading of unplanned settlements in the District. i) Lobby for improved housing units. ii) Facilitate acquisition of occupancy licenses. iii) Facilitate the access to water and other social                            amenities. Manage the squatter settlements in the district. Manage Council properties and housing data needs in the district. Markets and Bus Stations Section Manage bus stations and markets to facilitate smooth operations and enhance revenue collections. Easing the mobility of people and goods Allocation of market stands. Provision of services such as water, sanitation and security to market users. Manage bus stations and markets to facilitate smooth operations and enhance revenue collection. Contact Information Mbala Municipal Council Mbala District Northern Province, Zambia A.K Wilombe Lane P.O Box 420057 Tel: 0971921116 Email:mbalacouncil@gmail.com Quick Links Ministry of Local Government and Rural Development Local Government Service Comission Ministry of Finance and National PlanningMinistry of Finance and National Planning Ministry of Agriculture National Assembly of Zambia Local Government Training Institute SMART Zambia ©2025. SMART Zambia Institute & Mbala Municipal Council. All Rights Reserved.|2984|page
https://www.mbalacouncil.gov.zm/?p=4156||4156.0|CDF WATER BOWSER DELIVERED TO MBALA DISTRICT|2026-09-08T07:23:23+00:00|cdf|Mbala Municipal Council has successfully procured a brand new Shacman Water Bowser, procured at a cost of K2,200,000.00 under the 2026 Constituency Development Fund (CDF) allocation. The Machinery is a versatile asset with a capacity of 20,000 Litres, equipped with an inbuilt water pump for efficient operation. The equipment was supplied by Higer Bus Zambia Limited, who also conducted an orientation training to ensure that operators at the Local Authority are well equipped to operate the machine, thus guaranteeing effective utilization and maintenance of the equipment. Mbala Municipal Council Town Clerk Mrs. Laura Yumba Munkanta stated as she received the equipment at the Civic Centre, on 22nd June 2026, that acquisition of the Water Bowser will ensure supply of water for grading, compacting and dust suppression during feeder road developments. In addition to the water bowser, the Council is expecting the arrival of a Shacman Low Bed Trailer and a CAT Bulldozer in the coming weeks. The Council previously procured a Grader, Tipper Truck and a Tractor Loader Backhoe which have been utilized to open up and rehabilitate various feeder roads in the District including Kawimbe – Itokoto road, Kamba – Kakungu – Isofu road, Kaseshya – Itokoto and Chipoma – Chalamanga roads. The Council has also rehabilitated various township feeder roads.|1351|post
https://www.mbalacouncil.gov.zm/?page_id=3119|3119.0||ZDSP Documents – Mbala Municipal Council|24 and 2025|cdf;budget_finance;development_plan;governance|ZDSP Documents – Mbala Municipal Council Menu ZDSP FISHERIES AND LIVESTOCK PR ADMIN PLANNING ZDSP MINUTES OF BUSINESS STAKEHOLDERS MEETING ON PROPERTY RATES 05TH AUGUST 2025 December 3, 2025 MINUTES OF CONSULTATIVE STAKEHOLDERS MEETING ON THE CONSTRUCTION OF A TRUCK PARK 02ND JUNE 2025 December 3, 2025 STAKEHOLDER ENGAGEMENT PLAN MBALA November 18, 2025 2025 CDF RECEIVED COMMUNITY PROJECTS November 18, 2025 OWN SOURCE REVENUE PUBLISHED: November 14, 2025 MBALA MUNICIPAL COUNCIL 2025 BI ANNUAL PERFORMANCE PUBLISHED: November 7, 2025 2025 CDF MBALA APPROVED DISASTER PROJECTS PUBLISHED: August 18, 2025 2025 CDF RECEIVED COMMUNITY PROJECTS PUBLISHED: August 18, 2025 2025 CDF APPROVED COMMUNITY PROJECTS PUBLISHED: August 18, 2025 MINUTES OF STAKEHOLDERS BUDGET CONSULTATIVE MEETING PUBLISHED: August 18, 2025 MINUTES OF CITIZENS BUDGET CONSULTATIVE MEETING PUBLISHED: August 18, 2025 2025 WDC CDF APPROVED COMMUNITY PROJECTS PUBLISHED: August 18, 2025 MINUTES OF REVISED CDF GUIDELINES STAKEHOLDER MEETING PUBLISHED: August 18, 2025 MINUTES OF IDP CONSULTATION REPORT MBALA DISTRICT PUBLISHED: August 18, 2025 MINUTES OF CITIZENS 2025 BUDGET PREPARATION MEETING 29TH NOVEMBER 2024 April 3, 2025 FISHERIES AND LIVESTOCK ISA-DEVOLVED RESPONSES-FL PR MINUTES-OF-THE-STAKEHOLDERS-BUDGET-PREPARATION-MEETING-HELD-ON-8TH-DECEMBER-2023 MINUTES-OF-RATE-PAYERS-STAKEHOLDERS-MEETING-HELD-ON-06TH-OCTOBER-2023 MINUTES-OF-IDP-CONSULTATION-REPORT-MBALA-DISTRICT MINUTES OF STAKEHOLDERS MEETING ON THE CONSTRUCTION OF A TRUCK PARK HELD ON 2ND JULY 2025 MINUTES OF STAKEHOLDERS MEETING ON PROPERTY RATES HELD ON 05TH AUGUST 2025 MINUTES-OF-CONSULTATIVE-STAKEHOLDERS-MEETING-ON-THE-CONSTRUCTION-OF-A-TRUCK-PARK-02ND-JUNE-2025 Stakeholder Engagement Plan Mbala Municipal Council Stakeholder Engagement Plan MINUTES-OF-CITIZENS-BUDGET-CONSULTATIVE-MEETING MINUTES-OF-BUSINESS-STAKEHOLDERS-MEETING-ON-PROPERTY-RATES-05TH-AUGUST-2025 MINUTES-OF-CITIZENS-2025-BUDGET-PREPARATION-MEETING-29TH-NOVEMBER-2024 MINUTES-OF-STAKEHOLDERS-BUDGET-CONSULTATIVE-MEETING MINUTES-OF-REVISED-CDF-GUIDELINES-STAKEHOLDER-MEETING ADMIN MBALA MUNCPAL COUNCL- Minutes 2023,2024 and 2025 ORGANISATION STRUCTURE HRMC MINUTES NOV 2024 HRMC MINUTES 3 Sep 2025 MINUTES 2026 HRMC MINUTES 11 July 25 Management minutes Committee meeting minutes MINISTRY OF EDUCATION REPORT TO COUNCIL Council Meeting Report Social Welfare March 2025 FIRST QUARTER 2025-REPORT-MFL Committee Report-Health March 2025 DEPARTMENT OF FORESTRY 2024 COMDEV MANAGEMENT REPORT NOV 2024 Council Report Health-November 29 2024 FOURTH QUARTER -REPORT-MFL 2024 MINISTRY OF EDUCATION PLANS 2024 BRIEF REPORT ON THE AGRICULTURE ACTIVITIES IN THE DISTRICT 2024 SOCIAL WELFARE  COUNCIL NOV REPORT 2023 MINISTRY OF EDUCATION COUNCIL 23bm 2023 THIRD QUARTER REPORT-MFL_051936 2023 Ministry of Agriculture Report to the Council PLANNING wdc minutes 2023 wdc minutes 2023 batch 2 wdc minutes 2023 batch 3 wdc minutes 2024_batch 1 wdc minutes 2024 batch 2 wdc minutes 2024 batch 3 wdc minutes 2024 batch 4 wdc minutes 2024 batch 5 wdc minutes 2024 batch 6 wdc minutes 2025 batch 1 wdc minutes 2025 batch 2 wdc minutes 2025 batch 3 wdc minutes 2025 batch 4 Contact Information Mbala Municipal Council Mbala District Northern Province, Zambia A.K Wilombe Lane P.O Box 420057 Tel: 0971921116 Email:mbalacouncil@gmail.com Quick Links Ministry of Local Government and Rural Development Local Government Service Comission Ministry of Finance and National PlanningMinistry of Finance and National Planning Ministry of Agriculture National Assembly of Zambia Local Government Training Institute SMART Zambia ©2025. SMART Zambia Institute & Mbala Municipal Council. All Rights Reserved.|3696|page
https://www.mbalacouncil.gov.zm/?page_id=169|169.0||Mandate – Mbala Municipal Council||uncategorized|Mandate – Mbala Municipal Council Menu Our Mandate Functions of Local Authorities (Councils) The Council derives its mandate from the Local Government Act which lists the following as overall functions of Local Authorities: • Maintain law and order and effective administration of Local Authorities to ensure national security; • Control the keeping and movement of livestock, slaughtering of animals, sale of meat and enforce the disposal of diseased animals carcasses or meat which is unfit for human consumption; • Take measures for storage, market and preservation of agricultural produce and prevention of agricultural produce, conservation of natural resources and prevention of soil erosion; • Control the manufacture, storage, sale and use of petroleum, fireworks gas and other combustible or dangerous substance; • Construct and maintain public roads, streets, sanitary lanes, bridges and water courses and remove all obstacles thereof; • Establish and maintain sanitation and drainage systems to facilitate the removal of refuse and effluent; • Provide for the registration of births, marriage, deaths, clubs and enumeration of persons or property connected with the administration of Council areas; • Establish and maintain colleges, schools and day nurseries; • Prepare and administer schemes for community participation in development; • Establish and maintain a system of street lighting and in public places; • Establish and maintain firefighting and prevention services in order to protect life, property and natural resources from damage by fire; • Control persons and premises engaged in manufacturing, preparations, storage handling, sale or distribution of food or drink including intoxicating substances; • Prohibit and control the use of land and erection of buildings in the interest of public health, safely and orderly development of the Council area; • Demolish or remove buildings which are a danger to public health or safety and do not conform to plans and specifications approved by the Councils; • Establish and maintain public amenities such as parks, zoos, gardens, pleasure grounds, camping grounds, caravan sites and an open spaces; • Establish and maintain hospitals, clinics, health centers and environmental and health services; and • Establish and maintain cemeteries, crematoria, and mortuaries and provide for the burial of the dead and destitute persons who die in the area of the Council. HAVE THE COUNCILS AROUND THE COUNTRY THE CAPABILITIES TO TAKE WHAT IS EXPECTED AFTER THE DEVOLUTION? (i) Local Councils are already doing tremendous work in the provision of public services and enhancing social and economic development to the local communities in the respective district boundaries. (ii) Levels of capabilities differ from one Council to another owing to different levels of development and status. The financial strength of the Lusaka City Council cannot be compared to that of a small district like say Kafue, or Chongwe. (iii) Provision of services largely depends on the balance of Estimates of Income over expenditure, meaning that each Council can only spend as much as it earns in terms of service delivery. (iv) The Decentralization Policy assures that Local communities will be empowered by devolving decision making authority, functions and matching resources from the centre to the lowest level in order to improve efficient and effectiveness in the delivery of services. HOW MUCH RESOURCES ARE ACCESSED BY LOCAL COUNCILS? (i) This depends on sources of income for each Council, and the type. (ii) Some smaller Council have a smaller annual budget of say K2.2 billion, which is far below a monthly salary wage bill for Lusaka City Council. (iii) District Councils, in addition to their local resources, receive annual grants from the centre to fund capital projects. Bigger Councils (Cities) are encouraged to generate own income from local sources of income such as property rates. Contact Information Mbala Municipal Council Mbala District Northern Province, Zambia A.K Wilombe Lane P.O Box 420057 Tel: 0971921116 Email:mbalacouncil@gmail.com Quick Links Ministry of Local Government and Rural Development Local Government Service Comission Ministry of Finance and National PlanningMinistry of Finance and National Planning Ministry of Agriculture National Assembly of Zambia Local Government Training Institute SMART Zambia ©2025. SMART Zambia Institute & Mbala Municipal Council. All Rights Reserved.|4464|page
https://www.mbalacouncil.gov.zm/?page_id=118|118.0||Who we are – Mbala Municipal Council|25 November 1918|uncategorized|Who we are – Mbala Municipal Council Menu MBALA DISTRICT NORTHERN PROVINCE - ZAMBIA OUR VISION The vision of the district is a prosperous district through provision of improved equitable, quality and diversified Municipal Services in an effective and efficient manner in order to enhance sustainable development. OUR MISSION Our mission is to “accelerate development efforts towards the vision 2030 without leaving anyone behind.” About The District Mbala District is situated in the Northern Province of the Republic of Zambia. It shares international boundaries with the Republic of Tanzania in the north, and district boundaries with Senga in the southeast, Nakonde in the east, Kasama in the south and Mpulungu in the west. The district has a surface area of about 10,832 Km2 . Mbala district has an altitude ranging from 400m above sea level in the western side where the Great Rift Valley lies and 2,067m above sea level in the South-eastern side where Nsunzu Mountain is, the highest mountain peak in the district. Temperatures range from 15o C in the cold season to 29o C in the hot season. On average, the district receives 1,200 mm of rainfall annually which is good for agriculture. Mbala District has 9 wards: Nsunzu, Lwandi, Kawimbe, Mwamba, Mwambezi, Kazimolwa, Moto Moto, Intala and Kalambo Ward. Tourist Attractions The Kalambo Falls The Kalambo Falls, Zambia’s tallest water falls standing at 235 metres tall is a single drop water fall located on the boarder of Zambia and Tanzania at the South East end of Lake Tanganyika. Downstream of the falls is the gorge with a width of about 1km and a depth of 300 meters. In 2023, archaeologists announced the discovery of wooden structures estimated to be 476,000 years old predating Homo Sapiens, making the Kalambo Falls one of the most important archaeological sites in Africa. The MotoMoto Museum Motomoto Museum located 4.2km Northeast of Mbala Town is the second largest Museum in Zambia after Livingstone Museum, furnished with a magnificent display of ethnography and cultural artifacts. It was officially opened in 1974 and named after Bishop Joseph Dupont a pioneer missionary who was nicknamed “Moto Moto” meaning fire in Swahili language. The Museum houses collections of weapons of World War I, earliest tools used by mankind, Slavery, Trade and Natural History artifacts. Investment Opportunities - Agriculture History The facility began as Tanganyika Airport in 1885 and later became known as Abercorn International Airport during the colonial period. After Zambia’s independence, it became Mbala International Airport. In the mid-1970s, it was converted mainly into a Zambia Air Force (ZAF) military facility. In 1986, it was named Samora Machel in honour of Mozambican President Samora Machel. Samora Machel’s last journey is closely linked to Mbala: he departed from the area in October 1986 before his aircraft crashed at Mbuzini, South Africa, killing him and others. The Mbala Cenotaph, also called the Mbala War Memorial or Abercorn Memorial, is an important historical monument connected with World War I. It stands at the main roundabout in Mbala, formerly known as Abercorn. It commemorates 1,467 men from Northern Rhodesia who served as carriers for the British forces during World War I and died from fighting, wounds or sickness. It particularly remembers 433 African carriers who died in Northern Rhodesia during the war. Mbala was the location of the formal surrender of the German forces in East Africa on 25 November 1918, bringing the East African campaign of World War I to an end. Contact Information Mbala Municipal Council Mbala District Northern Province, Zambia A.K Wilombe Lane P.O Box 420057 Tel: 0971921116 Email:mbalacouncil@gmail.com Quick Links Ministry of Local Government and Rural Development Local Government Service Comission Ministry of Finance and National PlanningMinistry of Finance and National Planning Ministry of Agriculture National Assembly of Zambia Local Government Training Institute SMART Zambia ©2025. SMART Zambia Institute & Mbala Municipal Council. All Rights Reserved.|4098|page
https://www.mbalacouncil.gov.zm/?page_id=3916|3916.0||Dept of Human Resource and Administration – Mbala Municipal Council||department;governance|Dept of Human Resource and Administration – Mbala Municipal Council Menu Department of Human Resource and Administration The directorate is headed by a Director who is responsible for the sections/units that fall under the department. The units that fall under the directorate are Human Resources, General Administration, Registry, Committee, and Police. Human Resource Section The Unit is responsible for personnel and establishment management. It provides strategies for the acquisition, utilization, improvement, and retention of an enterprise’s human resources. Other responsibilities for the unit are: Conducting performance appraisal. Conduct performance management. Conduct staff audit. Carry out orientation and induction programs. Management and interpretation of the conditions of service. Management of employee relations. Prevention of industrial relations. Registry Section Responsible for records management and filling of council records and correspondences. General Administration Section This unit is responsible for the general administration and running of the day-to-day office operations. The following are some of the functions/services: Facilitate the solemnizing of marriages Procure of office furniture and equipment. Promote staff health and safety in the council. Identify the number of sick people as well as visit the visit. Identify prone risk areas. Transport Management. Manages effectively the availability of transport to facilitate staff mobility and transportation of materials and equipment. Licensing and insuring. Facilitate the licensing and insurance of all vehicles for Mongu Municipal Council. Office accommodation. Provide timely provision of office space for officers to create a conducive work environment. Management of clerical services. General maintenance of office spaces and surrounding. Committee Section The committee section plays the role of secretariate in all council meetings. Their role is to document and minute all meetings a from Management meeting, various committees and the full council meeting. Council Police Section The unit is responsible for Community police, Maintain Security, and Law and order. Facilitate for Security measures, Law, and order in the Council Contact Information Mbala Municipal Council Mbala District Northern Province, Zambia A.K Wilombe Lane P.O Box 420057 Tel: 0971921116 Email:mbalacouncil@gmail.com Quick Links Ministry of Local Government and Rural Development Local Government Service Comission Ministry of Finance and National PlanningMinistry of Finance and National Planning Ministry of Agriculture National Assembly of Zambia Local Government Training Institute SMART Zambia ©2025. SMART Zambia Institute & Mbala Municipal Council. All Rights Reserved.|2754|page
https://www.mbalacouncil.gov.zm/?p=4201||4201.0|CDF UPGRADES MBULU MARKET WITH A MODERN MARKET SHELTER|2026-09-10T13:08:02+00:00|cdf|Significant progress has been made in the construction of Mbulu Modern Market Shelter, a key project in Mbala, funded under the 2024 and 2025 Constituency Development Fund (CDF) allocations. With a total project cost of 6.8 million Kwacha, the project was flagged off on 30 th December 2025 and is set to enhance local commerce in the District. With the Substructure erected and Roofing installed, the contractor is currently laying the concrete slab which will form the foundation of the 36.4m x 30m Market Shelter, representing 65% progress towards completion. The Market Shelter will also feature 260 Lockable Storage Stands for Marketeers seeking to secure goods overnight. Furthermore, Security Lights will be installed to enhance safety and extend trading hours within the facility. As part of the project scope, a 10,000 Litre capacity Water Reticulation System has been successfully installed, ensuring that the market will have reliable water supply for vendors and patrons. Mbulu Market is recognized as the biggest market in Mbala with a population of over 1000 people, serving as a vital economic hub for the District. The modernization of this market facility will provide a safer, secure and dignified trading space, envisioned to ultimately boost local commerce and economic growth in the District.|1313|post
https://www.mbalacouncil.gov.zm/?page_id=187|187.0||News Updates – Mbala Municipal Council|24 and 2025|cdf;budget_finance;department;news|News Updates – Mbala Municipal Council Menu Latest News Updates CDF UPGRADES MBULU MARKET WITH A MODERN MARKET SHELTER Significant progress has been made in the construction of Mbulu Modern Market Shelter, a key project in Mbala, funded under the 2024 and 2025 Constituency Development Fund (CDF) allocations. With a total project cost of 6.8 million Kwacha, the project was flagged off on 30th December 2025 and is set to enhance local commerce in… Continue reading CDF UPGRADES MBULU MARKET WITH A MODERN MARKET SHELTER MBALA CBD GETS FACELIFT THROUGH THE PRESIDENT AVENUE CDF PROJECT Mbala District is bustling with excitement as the President Avenue Constituency Development Fund project is underway, promising to enhance the infrastructure and aesthetics of the Central Business District. Funded under the 2025 CDF allocation at a cost of 8.7 million kwacha, this high value project focuses on a critical 2.5 kilometer stretch of Mbala’s main… Continue reading MBALA CBD GETS FACELIFT THROUGH THE PRESIDENT AVENUE CDF PROJECT MBALA DISTRICT SHOWCASES AT THE 2026 PROVINCIAL AGRICULTURE, TOURISM AND INVESTMENT EXPO IN KASAMA. Mbala District successfully participated in the 2026 Provincial Agriculture, Tourism and Investment expo, held from 19th to 21st June 2026, at the Kasama Showgrounds, under the Theme; “Fostering Trade and Investment.” Officers took time to sensitize the public on services provided by various Service Departments and Institutions in the District, including Agriculture, Health Services, Fisheries… Continue reading MBALA DISTRICT SHOWCASES AT THE 2026 PROVINCIAL AGRICULTURE, TOURISM AND INVESTMENT EXPO IN KASAMA. Contact Information Mbala Municipal Council Mbala District Northern Province, Zambia A.K Wilombe Lane P.O Box 420057 Tel: 0971921116 Email:mbalacouncil@gmail.com Quick Links Ministry of Local Government and Rural Development Local Government Service Comission Ministry of Finance and National PlanningMinistry of Finance and National Planning Ministry of Agriculture National Assembly of Zambia Local Government Training Institute SMART Zambia ©2025. SMART Zambia Institute & Mbala Municipal Council. All Rights Reserved.|2167|page
https://www.mbalacouncil.gov.zm/?page_id=2216|2216.0||Investment Opportunities – Mbala Municipal Council||budget_finance|Investment Opportunities – Mbala Municipal Council Menu Contact Information Mbala Municipal Council Mbala District Northern Province, Zambia A.K Wilombe Lane P.O Box 420057 Tel: 0971921116 Email:mbalacouncil@gmail.com Quick Links Ministry of Local Government and Rural Development Local Government Service Comission Ministry of Finance and National PlanningMinistry of Finance and National Planning Ministry of Agriculture National Assembly of Zambia Local Government Training Institute SMART Zambia ©2025. SMART Zambia Institute & Mbala Municipal Council. All Rights Reserved.|577|page
https://www.mbalacouncil.gov.zm/?page_id=4328|4328.0||E-Services Portal – Mbala Municipal Council||cdf;budget_finance|E-Services Portal – Mbala Municipal Council Menu E-Services E-Council Portal ZamPortal iCDF-MIS Portal e-GP System Contact Information Mbala Municipal Council Mbala District Northern Province, Zambia A.K Wilombe Lane P.O Box 420057 Tel: 0971921116 Email:mbalacouncil@gmail.com Quick Links Ministry of Local Government and Rural Development Local Government Service Comission Ministry of Finance and National PlanningMinistry of Finance and National Planning Ministry of Agriculture National Assembly of Zambia Local Government Training Institute SMART Zambia ©2025. SMART Zambia Institute & Mbala Municipal Council. All Rights Reserved.|636|page
https://www.mbalacouncil.gov.zm/?page_id=3670|3670.0||CDF Projects Implemented – Mbala Municipal Council||cdf;budget_finance|CDF Projects Implemented – Mbala Municipal Council Menu CDF PROJECTS IMPLEMENTED BY WARD Kawimbe Ward Water Borne Ablution Block and Mechanised Water Reticulation System Constructed at Kawimbe Day Secondary School under the 2024 CDF alloation. 1×3 Classroom Block Constructed at Kawimbe Day Secondary School under the 2022 CDF allocation, furnished with 60 Desks procured under the 2023/4 CDF allocation. Nzunzu Ward Mechanised Water Reticulation System constructed at Uningi Rural Health Post to supply water to the CDF constructed Ablution Block. Waterborne Ablution Block Constructed at Uningi Rural Health Post under the 2023 CDF allocation. Contact Information Mbala Municipal Council Mbala District Northern Province, Zambia A.K Wilombe Lane P.O Box 420057 Tel: 0971921116 Email:mbalacouncil@gmail.com Quick Links Ministry of Local Government and Rural Development Local Government Service Comission Ministry of Finance and National PlanningMinistry of Finance and National Planning Ministry of Agriculture National Assembly of Zambia Local Government Training Institute SMART Zambia ©2025. SMART Zambia Institute & Mbala Municipal Council. All Rights Reserved.|1167|page
https://www.mbalacouncil.gov.zm/?page_id=959|959.0||Publications – Mbala Municipal Council|19 of 2020|cdf;budget_finance;development_plan;notice;news;governance|Publications – Mbala Municipal Council Menu BUDGETS & FINANCIAL DOCUMENTS CDF PROJECTS AUDIT REPORTS STAKEHOLDER ENGAGEMENT MINUTES STAKEHOLDER ENGAGEMENT PLAN IDP ADVERTS SOPs-DEVOLVED FUNCTIONS FOR L,A's NEWSLETTERS PRESS STATEMENTS PROCUREMENT PLANS ACTS AND POLICIES BUDGETS & FINANCIAL DOCUMENTS MBALA MUNICIPAL COUNCIL 2026 OBB BUDGET PUBLISHED: August 19, 2026 ZDSP SELF ASSESSMENT TOOL MBALA PUBLISHED: December 31, 2025 LETTER OF ENGAGEMENT FOR AUDIT OF 2024 FINANCIALSTATEMENTS PUBLISHED: December 31, 2025 MINISTERIAL APPROVAL OF 2025 MBALA COUNCIL BUDGET PUBLISHED: December 31, 2025 SUBMISSION LETTER OF 2024 FINANCIAL STATEMENTS FOR AUDIT PUBLISHED: December 31, 2025 COMPLETION OF AUDIT FOR 2024 FINANCIAL STATEMENTS PUBLISHED: December 31, 2025 INTERNAL NOTICE OF AUDIT FOR 2024 FINANCIAL STATEMENTS PUBLISHED: December 31, 2025 COUNCIL MINUTES FOR APPROVAL OF 2024 AUDITED FINANCIAL STATEMENTS PUBLISHED: December 31, 2025 SUBMISSION OF 2024 FINANCIAL STATEMENTS FOR AUDIT PUBLISHED: December 31, 2025 2025 OBB BUDGET PUBLISHED: December 4, 2025 2025 BI ANNUAL PERFORMANCE PUBLISHED: November 7, 2025 2024 FINANCIAL STATEMENTS PUBLISHED: October 22, 2025 2024 OBB BUDGET ESTIMATES PUBLISHED: August 8, 2024 2023 FINANCIAL STATEMENTS PUBLISHED: August 9, 2024 2022 FINANCIAL STATEMENTS PUBLISHED: September 18, 2024 2021 FINANCIAL STATEMENTS PUBLISHED: September 18, 2024 2020 FINANCIAL STATEMENTS PUBLISHED: September 18, 2024 2019 INANCIAL STATEMENTS PUBLISHED: September 18, 2024 2018 FINANCIAL STATEMENTS PUBLISHED: September 18, 2024 CDF PROJECTS CONVEYANCE LETTER FOR 2026 CDF COMMUNITY PROJECTS PUBLISHED: February 9, 2026 LIST OF SUCCESSFUL APPLICANTS FOR 2026 CDF SECONDARY BOARDING SCHOOL BURSARY FOR NEW APPLICANTS UNDER MBALA CONSTITUENCY PUBLISHED: January 23, 2026 LIST OF SUCCESSFUL APPLICANTS FOR 2026 CDF SECONDARY BOARDING SCHOOL BURSARY FOR RETURNING APPLICANTS UNDER MBALA CONSTITUENCY PUBLISHED: January 23, 2026 LIST OF SUCCESSFUL APPLICANTS FOR 2026 CDF SKILLS DEVELOPMENT BURSARY FOR NEW APPLICANTS UNDER MBALA CONSTITUENCY PUBLISHED: January 23, 2026 LIST OF SUCCESSFUL APPLICANTS FOR 2026 CDF SKILLS DEVELOPMENT BURSARY FOR RETURNING APPLICANTS UNDER MBALA CONSTITUENCY PUBLISHED: January 23, 2026 MBALA CONVEYANCE – SECONDARY BOARDING AND SKILLS DEVELOPMENT BURSARIES PUBLISHED: January 23, 2026 LIST OF 2025 CDF PROJECTS BROKEN DOWN PUBLISHED: December 31, 2025 LIST OF 2024 CDF PROJECTS BROKEN DOWN PUBLISHED: December 31, 2025 MINUTES OF CDFC DESK APPRAISAL MEETING FOR 2025 CDF PROJECTS PUBLISHED: December 31, 2025 NOTIFICATION OF 2025 REJECTED CDF PROJECTS TO WDCs PUBLISHED: December 31, 2025 CONVEYANCE LETTER FOR APPROVAL OF 2025 CDF PROJECTS, BURSARIES AND EMPOWERMENT FUNDS PUBLISHED: December 30, 2025 2025 CDF APPROVED DISASTER PROJECTS PUBLISHED: June 12, 2025 2024 APPROVED CDF SECONDARY BOARDING SCHOOL BURSARY MBALA CONSTITUENCY PUBLISHED: September 16, 2024 2024 APPROVED CDF SKILLS DEVELOPMENT BURSARY MBALA CONSTITUENCY PUBLISHED: September 16, 2024 2024 APPROVED CDF EMPOWERMENT LOANS MBALA CONSTITUENCY PUBLISHED: September 16, 2024 2024 APPROVED CDF EMPOWERMENT GRANTS MBALA CONSTITUENCY PUBLISHED: September 16, 2024 AUDIT REPORTS AUDIT REPORTS STAKEHOLDER ENGAGEMENT MINUTES MINUTES OF CITIZEN STAKEHOLDERS MEETING FOR 2025 BUDGET PREPARATION – DECEMBER 2024 PUBLISHED: December 31, 2025 MINUTES OF BUSINESS STAKEHOLDERS MEETING FOR 2025 BUDGET PREPARATION – NOVEMBER 2024 PUBLISHED: December 31, 2025 2025 CITIZEN STAKEHOLDERS MINUTES FOR DRAFT CDF REVISED GUIDELINES PUBLISHED: July 3, 2025 2025 CITIZEN STAKEHOLDERS MINUTES FOR IDP CONSULTATION PUBLISHED: July 3, 2025 2023 BUSINESS STAKEHOLDERS MEETING PUBLISHED: October 4, 2024 2024 BUSINESS STAKEHOLDERS BUDGET PREPARATION MEETING PUBLISHED: October 3, 2024 STAKEHOLDER ENGAGEMENT PLAN 2025 STAKEHOLDER ENGAGEMENT PLAN MBALA PUBLISHED: November 18, 2025 IDP INTERGRATED DEVELOPMENT PLAN ADVERTS APPROVED 2025 CDF SECONDARY SCHOOL BURSARIES MBALA CONSTITUENCY APPROVED 2025 CDF SKILLS DEVELOPMENT BURSARIES MBALA CONSTITUENCY APPLICATION FOR RIVERSIDE PLOTS NOTICE PAYMENT OF PROPERTY RATES SEP 2024 EXTENSION OF CDF APPLICATIONS FOR 2025 2025 CDF COMMUNITY PROJECTS ADVERT 2025 CDF LOANS ADVERT 2025 CDF GRANTS ADVERT 2025 CDF SKILLS ADVERT 2025 CDF SEC SCH ADVERT 2024 CDF COMMUNITY PROJECTS EXTENSION ADVERT 2024 CDF GRANTS ADVERT 2024 CDF LOANS ADVERT 2024 CDF SEC SCH ADVERT 2024 CDF SKILLS ADVERT HILLTOP PLOTS ADVERT KASENGA MARKET PLOTS ADVERTS SOPs-DEVOLVED FUNCTIONS FOR L,A's Standard Operating Procedures -MARITIME Standard Operating Procedures -PONTOONS Standard Operating Procedures -HEALTH SERVICES Standard Operating Procedures -HARID Standard Operating Procedures -CULTURAL MATTERS Standard Operating Procedures -COMMUNITY SPORTS NEWSLETTERS MBALA MUNICIPAL COUNCIL NEWSLETTER 1 PRESS STATEMENTS statement PROCUREMENT PLANS PROCUREMENT PLAN ACTS AND POLICIES The Zambia National Public Health Institute Act No. 19 of 2020pdf The Occupational Health and Safety Act – 2010 The Food Safety Act No. 7, 2019 SI-2011-96 si_2012_23 ON LIQUOR PACKAGING Landlord and Tenant (Business Premises) Act Environmetal Mangement Act 12 of 2011 The Urban and Regional Planning Act, 2015 The Solid Waste Regulation and Management Act, 2018 Lands and Deeds Registry Act Liqour Licensing Act, 2011 Registration of Business Names Act, 2011 The Constituency Development Fund Act No. 11 of 2018 The Local Government Act No. 2 of 2019 The Public Finance Management ACT 2018 Act No. 3 The Data Protection Act 2021_0 (2) EIGHTH NATIONAL DEVELOPMENT PLAN 2022-2026 LA Financial Regulations LAND ADMINISTRATIO AND ALLOCATION (2)_075741 Lands Acquisition Act The Public Procurement Act No. 8 2020 Contact Information Mbala Municipal Council Mbala District Northern Province, Zambia A.K Wilombe Lane P.O Box 420057 Tel: 0971921116 Email:mbalacouncil@gmail.com Quick Links Ministry of Local Government and Rural Development Local Government Service Comission Ministry of Finance and National PlanningMinistry of Finance and National Planning Ministry of Agriculture National Assembly of Zambia Local Government Training Institute SMART Zambia ©2025. SMART Zambia Institute & Mbala Municipal Council. All Rights Reserved.|6229|page
https://www.mbalacouncil.gov.zm|||Mbala Municipal Council – Mbala|24 and 2025|cdf|CDF UPGRADES MBULU MARKET WITH A MODERN MARKET SHELTER Significant progress has been made in the construction of Mbulu Modern Market Shelter, a key project in Mbala, funded under the 2024 and 2025 Constituency Read More »|221|unclassified
https://www.mbalacouncil.gov.zm/?page_id=2933|2933.0||Overview – Mbala Municipal Council||cdf;budget_finance|Overview – Mbala Municipal Council Menu CDF OVERVIEW The Constituency Development Fund (CDF) continues to redefine governance in Zambia. In the 2026 Budget, allocations have risen to K40 million per constituency from the K1.6 million in 2021, bringing the national total to K6.245 billion. The CDF is not simply a funding source; it represents decentralisation and community-driven development. Citizens directly shape their priorities, whether in classrooms, health facilities, bridges, or youth enterprises. The President has prioritised CDF because it delivers tangible outcomes that citizens can see and feel. Evidence-led implementation is central to this priority. The Presidential Delivery Unit is working with the Ministry of Local Government and Rural Development to strengthen impact measurement, enhance citizen engagement, and deploy digital systems for CDF management and reporting. The goal is to ensure transparency, accountability, and timely delivery. Already, thousands of projects have been funded since the CDF’s expansion. But success depends on partnerships. Local authorities must improve oversight, civil society should support monitoring, and communities must take ownership of projects. The private sector also has a role in co-financing youth skills training and community infrastructure. By linking CDF to the President’s vision of inclusive growth and equity, Zambia is building a governance model that empowers citizens, strengthens service delivery, and ensures that development is achieved constituency by constituency. With improved systems and accountability, the CDF is becoming a symbol of responsive governance. CDF PERFOMANCE IN MBALA FROM 2022 TO DATE 23 Classroom Blocks constructed from 2022 to date 9200 Desks Procured 10 projects implemented under the Health Sector 502 Cooperatives Empowerment with Grants 118 Small and Medium scale enterprises Empowered Loans. Contact Information Mbala Municipal Council Mbala District Northern Province, Zambia A.K Wilombe Lane P.O Box 420057 Tel: 0971921116 Email:mbalacouncil@gmail.com Quick Links Ministry of Local Government and Rural Development Local Government Service Comission Ministry of Finance and National PlanningMinistry of Finance and National Planning Ministry of Agriculture National Assembly of Zambia Local Government Training Institute SMART Zambia ©2025. SMART Zambia Institute & Mbala Municipal Council. All Rights Reserved.|2427|page
https://www.mbalacouncil.gov.zm/?p=4014||4014.0|MBALA MUNICIPAL COUNCIL LAUNCHES MOMOPAY COLLECTIONS ACCOUNT|2026-03-26T07:53:39+00:00|news|GOOD NEWS TO ALL OUR CLIENTS!! PAYMENTS FOR LOCAL TAXES, FEES AND RENEWAL OF LICENSES CAN NOW BE MADE CONVENIENTLY THROUGH OUR MOMOPAY COLLECTIONS ACCOUNT.|155|post
https://www.mbalacouncil.gov.zm/?p=3502||3502.0|CDF ABLUTION BLOCK NEARS COMPLETION IN KAWIMBE WARD|2025-12-02T09:51:44+00:00|cdf;ward|Mbala Municipal Council has made 80% progress on the construction of a Water Borne Ablution Block, coupled with a Mechanised Water Reticulation System at Kawimbe Secondary School in Kawimbe Ward, under the 2024 Constituency Development Fund. Kawimbe Secondary School is a 1×3 Classroom Block which was implemented under the 2022 CDF allocation and has now been equipped with a water and sanitation system. Previously, Kawimbe Secondary School was operating in a 1×2 Classroom Block stationed at Kawimbe Primary School, overwhelming both the infrastructure and users of the school. The implementation of the Kawimbe Secondary School project has now guaranteed that learners in the area will have access to Secondary Education in a conducive environment with a Water Borne Ablution Block and safe, clean water. Additionally, the classroom block has been furnished with 60 desks procured under CDF, meeting the presidential directive to ensure that no child sits on the floor. Exterior of the Kawimbe Secondary School Waterborne Ablution Block Exterior of the Kawimbe Secondary School Ablution Block Exterior of the Kawimbe Secondary School Ablution Block Exterior of the Kawimbe Secondary School Ablution Block Interior of the Kawimbe Secondary School Ablution Block Interior of the Kawimbe Secondary School Ablution Block Interior of the Kawimbe Secondary School Ablution Block Interior of the Kawimbe Secondary School Ablution Block Interior of the Kawimbe Secondary School Ablution Block Interior of the Kawimbe Secondary School Ablution Block Water Tap Installed. Kawimbe Secondary School 1×3 Classroom Block.|1611|post
https://www.mbalacouncil.gov.zm/?p=3460||3460.0|CITIZENS’ VERSION IDPs INTRODUCED|2025-12-02T08:35:25+00:00|development_plan|The Ministry of Local Government and Rural Development has embarked on the development of Citizen’s Version Integrated Development Plans (IDPs) in all 116 districts across the nation. The Integrated Development Plan is a comprehensive document which captures critical information on developmental programmes to be implemented in the district over a period of ten years, subject to review every five years. As a critical process in the development of Citizen’s Version Integrated Development Plans, the Ministry of Local Government and Rural Development, in collaboration with UNICEF and the Policy Monitoring and Research Centre, undertook Backstopping and Finalization Workshops in provincial centres across the country to ensure the development of quality Citizen’s Version IDPs. Speaking during the official opening of the Northern and Luapula Province Backstopping and Orientation Workshop held from 15th to 22nd September 2025 at Teja Executive Lodge in Mansa, Deputy Permanent Secretary for Luapula Province, Mr. Evans Sikabbubba stated that, the Integrated Development Plan is a critical tool in the decentralization process as it provides a coherent participatory and evidence based frame work, for guiding development in our districts over a medium and long term period. “Citizen’s Version IDPs are particularly important because they make the IDP accessible and understandable, to all stakeholders especially community members who are the core beneficiaries of development initiatives. Simplifying and translating the technical details of the IDPs into a format that the public can easily engage with will foster citizen participation, inclusivity and accountability in our planning and implementing processes,” he stated. The Deputy Permanent Secretary further reiterated that the development of Citizen’s Version IDPs demonstrates Government’s commitment to ensuring that all provinces are fully engaged in planning processes, thereby strengthening citizen participation, accountability and inclusive development across the country. During the Workshops, Local Authorities submitted their completed draft Citizen’s Version IDPs for finalization after which approval, distribution and sensitization to the general public will follow. In attendance was the Director of Physical Planning from the Ministry of Local Government and Rural Development, representatives of the Provincial Local Government Officers for Northern and Luapula Provinces, Provincial Planners, UNICEF, Principals and various key officers from Local Authorities in Northern and Luapula Provinces. Presentation in progress. Presentation in progress. Presentation in progress. Presentation in progress. Luapula Province Deputy Permanent Secretary opening the CVIDP Backstopping Workshop in Mansa. Principal Officers and key officers from Northern and Luapula Provinces attending the CVIDP Backstopping Workshop in Mansa.|2898|post
https://www.mbalacouncil.gov.zm/?p=3451||3451.0|MBALA CDF AMBULANCE COMMISSIONED|2025-12-02T07:58:46+00:00|cdf|Mbala Member of Parliament and Minister for Muchinga Province, Hon. Njavwa Simutowe has commissioned the newly procured Ambulance which was delivered to Mbala Constituency on Saturday 20th September 2025. This follows the recent flag-off of the first 119 CDF procured Ambulances by the Minister of Local Government and Rural Development, which took place in Lusaka on 17th September 2025. Speaking during the handover ceremony held on 22nd September 2025 at the Civic Centre in Mbala, Hon. Simutowe thanked the President of the Republic of Zambia Mr. Hakainde Hichilema for the initiative to purchase Ambulances for all Constituencies in the country under CDF. “Zambia is vast and all of us were looking to Central Government to provide what we needed. But with the coming of the increased scope of CDF, rural areas like Mbala which were lagging behind in terms of development now have a different story through the transformation being implemented in the Education, Health, Public Infrastructure and Social Economic sectors,” he said. He stated that, through CDF Mbala Constituency now has an Ambulance, a Monitoring Vehicle, a Police Vehicle, a Grader, Tipper Truck and a Tractor Loader Backhoe. He also disclosed that CDF has additionally empowered the Mbala Community through Empowerment Funds and sent children to go and learn different professional skills. And Mbala District Commissioner, Mr. Jestus Sikazwe has urged the District Health Office to ensure that proper care and maintenance of the Ambulance is upheld to prolong its lifespan to help the people of Mbala for many years to come. The Minister also took the opportunity to commend Mbala Municipal Council management for patching all portholes in the Central Business District and encouraged them to continue the hard work. Hon. Minister Njavwa Siimutowe Commissioning the CDF Ambulance. His Worship The Mayor Mr. Mulenga Sinyangwe Having a feel of the CDF Ambulance. Inspecting State of the Art Medical Equipment Installed in the CDF Ambulance. Inspecting State of the Art Medical Equipment Installed in the CDF Ambulance. Mbala CDF Ambulance displayed during the Handover Ceremony. Mbala CDF Ambulance displayed during the Handover Ceremony.|2209|post
https://www.mbalacouncil.gov.zm/?p=3321||3321.0|DRAFT AMENDMENTS TO THE CONSTITUTION SUBMITTED|2025-12-01T14:33:42+00:00|ward|Following the appointment of the Technical Committee on Drafting Amendments to the Constitution of Zambia, by His Excellency President Hakainde Hichilema, Mbala District joined the Northern Province Virtual Public Sitting to make submissions to the Committee. The purpose of the Committee was to consult the people of Zambia to review and benchmark best constitutional practices, propose amendments to the Constitution with a view to consolidate democracy and constitutionalism, enhance equitable and balanced representation and promote inclusivity, accountability and effective representation in governance. The Committee commenced public consultations and receiving of submissions through public sittings held at Provincial headquarters while virtual sittings for districts took place at Civic Centres. Led by the District Commissioner, His Worship the Mayor and Town Clerk, various stakeholders gathered at Mbala Municipal Council Chamber on 30th October 2025 and made submissions through the Mambwe Royal Establishment Spokesperson, Mr. Christopher Mengo Siame who submitted that; – There is need for clear guidance on the delimitation of Wards and Constituencies, as some areas such as Nonde Ward are experiencing boundary overlaps between Mbala and Mpulungu Districts. – Leadership should not be restricted by academic qualification. Rather being a Zambian Citizen should be the main qualification for one to serve in any public office. – The Grade Twelve Certificate requirement for one to run for public office be removed. – By-Elections be abolished and Ministers be appointed outside of Parliament. – Petitions for Members of Parliament and Councillors be resolved within 21 working days while Presidential petitions should be resolved within 14 working days to enhance efficiency and fairness in governance. And Team Leader for the Constitution Amendment Programme Mr. Robbinson Chongo called on Zambians to actively participate in the constitutional review process to promote good governance and sustainable national development. Mbala District Making Submissions on Draft Constitutional Review Amendments. Mbala District Making Submissions on Draft Constitutional Review Amendments. Mbala District Making Submissions on Draft Constitutional Review Amendments. Mbala District Making Submissions on Draft Constitutional Review Amendments. Mbala District Making Submissions on Draft Constitutional Review Amendments. Mbala District Making Submissions on Draft Constitutional Review Amendments. Mbala District Making Submissions on Draft Constitutional Review Amendments. Mbala District Making Submissions on Draft Constitutional Review Amendments. Mbala District Making Submissions on Draft Constitutional Review Amendments.|2734|post
https://www.mbalacouncil.gov.zm/?p=3106||3106.0|2026 CONSTITUENCY DEVELOPMENT FUND APPLICATIONS EXTENDED TO 31ST JULY 2025|2025-07-04T09:18:35+00:00|cdf;budget_finance|2026 CONSTITUENCY DEVELOPMENT FUND APPLICATIONS EXTENDED TO 31ST JULY 2025 – Mbala Municipal Council Menu Contact Information Mbala Municipal Council Mbala District Northern Province, Zambia A.K Wilombe Lane P.O Box 420057 Tel: 0971921116 Email:mbalacouncil@gmail.com Quick Links Ministry of Local Government and Rural Development Local Government Service Comission Ministry of Finance and National PlanningMinistry of Finance and National Planning Ministry of Agriculture National Assembly of Zambia Local Government Training Institute SMART Zambia ©2025. SMART Zambia Institute & Mbala Municipal Council. All Rights Reserved.|627|post
https://www.mbalacouncil.gov.zm/?p=3103||3103.0|MBALA STAKEHOLDERS WELCOME THE CONSTRUCTION OF A TRUCK PARK|2025-07-04T08:16:38+00:00|budget_finance|Stakeholders have welcomed the move to construct a Truck Park at the Mbala – Mpulungu Junction in Mbala District. Speaking during a Stakeholder Meeting held on 02nd July 2025 at Mbala – Mpulungu Junction, Mbala Municipal Council Town Clerk Mrs. Laura Yumba Munkanta guided the stakeholders to consider the benefits of constructing a Truck Park at the strategic location, including traffic decongestion, job creation, economic growth, revenue for the Local Authority and the provision of a conducive, secure parking area for truckers, with water and sanitation facilities. The Truck Park will further be constructed with a number of shops which will be rented out to local traders to provide goods and services to truckers and patrons of the facility. Mrs. Munkanta also guided the stakeholders to consider the environmental as well as social impacts the facility may pose and devise ways to mitigate them before the commencement of the project. She further presented the sources of funding, budget line, future expansion and upgrade plans, as well as the need for continued collaboration with stakeholders to ensure harmonization of objectives and expectations. Stakeholders present unanimously supported the venture and requested the Council to commence and complete the project timely, as they foresee development with numerous benefits to the District. The stakeholders further suggested that a steering committee of stakeholders be formed to assist the Council supervise and direct works when the project commences. Meanwhile, differently abled stakeholders requested that Persons Living With Disabilities be considered during the allocation of the shops to support their efforts in sustaining their families.|1713|post
https://www.mbalacouncil.gov.zm/?p=3039||3039.0|WATER BORNE ABLUTION & MECHANISED WATER RETICULATION SYSTEM NEARS COMPLETION AT KAWIMBE SECONDARY SCHOOL|2025-07-01T08:27:33+00:00|cdf|Mbala Municipal Council has made 80% progress on the construction of a Water Borne Ablution Block, coupled with a Mechanised Water Reticulation System at Kawimbe Secondary School in Kawimbe Ward, at a contract sum of K1,058,557.10 under the 2024 Constituency Development Fund allocation. Kawimbe Secondary School is a 1×3 Classroom Block which was implemented under the 2022 CDF allocation and has now been equipped with a water and sanitation system. Previously, Kawimbe Secondary School was operating in a 1×2 Classroom Block stationed at the Primary School, overwhelming both the infrastructure and users of the school. The implementation of the Kawimbe Secondary School project has now guaranteed that learners in the area will have access to Secondary Education in a conducive environment with a Water Borne Ablution Block and safe, clean water. Additionally, the classroom block has been furnished with 60 desks procured under CDF, meeting the presidential directive to ensure that no child sits on the floor.|1015|post
https://www.mbalacouncil.gov.zm/?p=2922||2922.0|PROVINCIAL MINISTER HON. LEONARD MBAO HANDS OVER K3.7 MILLION IN CDF EMPOWERMENT LOANS TO MBALA BENEFICIARIES|2025-06-18T12:21:04+00:00|cdf;ward|Provincial Minister for Northern Province, Hon. Leonard Mbao, has handed over Constituency Development Fund Empowerment Loans to 28 enterprises in Mbala Constituency, amounting to a total of K3,736,935.61 under the 2025 CDF allocation, during a Handover Ceremony held today, at the Civic Centre. During his speech, Hon. Mbao stated that from 2022 to date, Mbala Municipal Council has disbursed CDF Empowerment Loans to 127 beneficiaries across the nine Wards of the Constituency, amounting to a total of K12,609,425. The Minister reminded beneficiaries to adhere to the CDF guidelines in the management and repayment of their Empowerment Loans and appealed to the CDF Committee to consider more Women, Youths and Persons Living With Disabilities, during the approval of applications for CDF Empowerment Funds. “in the last four years, the Constituency Development Fund Community Projects, Empowerment Funds, Bursaries and Presidential Directives have led the nation towards an upward trajectory, through the CDF’s holistic approach implemented by the UPND Government” he said. Meanwhile, Mbala District Commissioner, Mr. Jestus Sikazwe challenged beneficiaries of CDF Empowerment Funds to be proud ambassadors, giving testament to the feasible transformative power of the Constituency Development Fund after having benefitted from it. And Town Clerk for Mbala Municipal Council, Mrs. Laura Yumba Munkanta revealed that the Council has previously disbursed CDF Empowerment Grants to 502 cooperatives in the last four years. She further stated that 688 students have been sponsored under the Skills Development Bursary and 471 pupils under the Secondary Boarding School Bursary.|1676|post
https://www.mbalacouncil.gov.zm/?p=2889||2889.0|A COMMUNITY VISION REALISED THROUGH CDF – KAKUNGU DAY SECONDARY SCHOOL COMMISSIONED|2025-06-18T11:35:22+00:00|cdf;ward|Residents, Teachers and Pupils of Kakungu Village in Lwandi Ward Mbala, gathered today to witness the ground breaking ceremony during which Northern Province Minister, Hon. Leonard Mbao commissioned Kakungu Day Secondary School, comprised of a 1×4 Classroom Block completed under the Constituency Development Fund. In the recent past, Kakungu Primary School catered for both the primary and secondary streams overwhelming both the educators and learners. Out of pure determination, the catchment community came together and begun the construction of the secondary school to decongest the primary school. However, due to lack of resources and capacity, the community was unable to complete the building. But today, Kakungu Secondary School is a functional facility thanks to the intervention of the Constituency Development Fund. Speaking during the Handover Ceremony held today at the school, Hon. Leonard Mbao stated that the project was implemented at a cost of K598,203.60, and furnished with 100 desks procured through CDF, fulfilling the Presidential Directive that no child should sit on the floor. And Head Teacher Mr. Mwila Mutelelwe revealed that the addition of a secondary school has decongested the primary school and created room for the influx of children who have enrolled since the introduction of the free education policy. He further stated that the newly commissioned secondary school has attracted pupils from several villages serving as the only secondary school in the vicinity. In her remarks, District Education Board Secretary Mrs. Juanita Mulenga confirmed that the school will go a long way in ensuring that every child in the surrounding communities will have access to secondary education. She further thanked the government for supporting the construction of the Classroom Block through CDF as it has presented a conducive environment to provide effective teaching and learning which will change generations in the community. And in her vote of thanks, Linda Shumba Head Girl of the school recalled how access to a conducive learning environment was but a dream, now realised. She expressed gratitude on behalf of her fellow pupils, to the President of the Republic of Zambia, Mr. Hakainde Hichilema for enhancing access to education through the Constituency Development Fund.|2306|post
https://www.mbalacouncil.gov.zm/?p=2863||2863.0|INVITATION TO THE HANDOVER OF 2025 CONSTITUENCY DEVELOPMENT FUND EMPOWERMENT LOANS & THE COMMISSIONING OF KAKUNGU DAY SECONDARY SCHOOL|2025-06-18T10:11:56+00:00|cdf;budget_finance|INVITATION TO THE HANDOVER OF 2025 CONSTITUENCY DEVELOPMENT FUND EMPOWERMENT LOANS & THE COMMISSIONING OF KAKUNGU DAY SECONDARY SCHOOL – Mbala Municipal Council Menu Contact Information Mbala Municipal Council Mbala District Northern Province, Zambia A.K Wilombe Lane P.O Box 420057 Tel: 0971921116 Email:mbalacouncil@gmail.com Quick Links Ministry of Local Government and Rural Development Local Government Service Comission Ministry of Finance and National PlanningMinistry of Finance and National Planning Ministry of Agriculture National Assembly of Zambia Local Government Training Institute SMART Zambia ©2025. SMART Zambia Institute & Mbala Municipal Council. All Rights Reserved.|687|post
https://www.mbalacouncil.gov.zm/?p=2428||2428.0|MBALA MUNICIPAL COUNCIL DISBURSES OVER FIVE MILLION KWACHA IN CDF EMPOWERMENT GRANTS AND LOANS|2024-07-18T08:13:40+00:00|cdf|Mbala Municipal Council has handed over Constituency Development Fund Empowerment Loans to 33 applicants, amounting to K3,417,000 , and K2,283,000 to 151 Grant beneficiaries across the 9 Wards of Mbala Constituency. This brings the total amount disbursed in the 2024 Women, Youth and Community Empowerment Fund to K5,700,000, indicating an increase by K323,000 in comparison to K5,377.000 approved in 2023. Speaking during the Handover Ceremony held on 17th July, 2024 at the Civic Centre, District Commissioner Jestus Sikazwe who graced the Ceremony as Guest of Honor commended the Government of his Excellency President Hakainde Hichilema, who has committed himself to practically address challenges faced by vulnerable communities through the consistent disbursement of the Constituency Development Fund (CDF). The District Commissioner stated that, successful implementation of Empowerment Funds among 2022 and 2023 beneficiaries has demonstrated the undeniable transforming power of CDF in the District, as observed during the monitoring activities conducted by the Council in collaboration with Local Leaders. “Through CDF, communities are making strides to gain resilience to effects of climate change, poverty and lack of employment.” And Town Clerk for Mbala Municipal Council Mrs. Laura Yumba Munkanta commended the outgoing CDF Committee, the Local Authority and Access Bank for the timely processing and disbursement of CDF Empowerment Funds to the beneficiaries. She however appealed to beneficiaries to be available during monitoring visits and to correctly utilize their Empowerment Funds or risk being held accountable through the laid down CDF Guidelines. And in his Vote of Thanks, Reverend Silondwa, Chairman of the Pastors Fellowship Savings Group, as a beneficiary of 2024 Empowerment Grants, expressed gratitude to the Government for considering his group under CDF thereby acknowledging that the clergy is part and parcel of the common challenges being faced in the nation such as climate change and poverty. Beneficiaries who previously received Financial Literacy, were further sensitized during the Ceremony to ensure that their funds go through the bank frequently and before any business transaction is made, in order to build financial statements and efficient record keeping. Meanwhile, William Sinkamba, a local entrepreneur gave testament to the growth he has experienced in his business through the CDF Empowerment Loan he received under the 2023 allocation.|2491|post
https://www.mbalacouncil.gov.zm/?p=1919||1919.0|MBALA MUNICIPAL COUNCIL CONSTRUCTS NEW ABLUTION BLOCK AT MBULU MARKET|2023-11-27T14:27:51+00:00|uncategorized|Mbala Municipal Council has commissioned a newly constructed Ablution Block at Mbulu Market worth K311,000 using the capital component of the Local Government Equalization Fund. The Ablution Block is fitted with 6 toilets and 4 hand washing sinks in the ladies section and 6 toilets, 4 hand washing sinks and 4 urinals in the gents section. Prior to the construction of the new Ablution Block, marketeers and patrons of Mbulu Market were restricted to using an old Ablution Block with only 1 female and 1 male toilet which were in a deplorable state. The Local Authority gave priority to the construction of the new Ablution Block as Mbulu market is the biggest and most populated market in the District but had inadequate toilets which could not accommodate the masses. Speaking during the commissioning ceremony held on Thursday 23 rd November 2023, His Worship the Mayor Mr. Mulenga Sinyangwe commended the Local Authority for accommodating the construction of the Ablution Block under Capital Funds in order to bring dignity, proper sanitation and prevent disease outbreaks. The Mayor also commended the contractor for delivering quality works on the project. In his vote of thanks, the Market Committee Chairperson expressed gratitude to the Local Authority and to Civic leaders for replacing the old Ablution Block which they have used for decades.|1354|post
https://www.mbalacouncil.gov.zm/?p=1864||1864.0|MBALA MUNICIPAL COUNCIL LAUNCHES CHILDREN’S CORNER AT TVMI LIBRARY|2023-11-02T15:37:31+00:00|cdf|Mbala Municipal Council has today launched the Children’s Corner in an event held at TVMI Library. The Children’s Corner is a newly introduced section of the library, furnished and stocked to cater to the reading, research, and learning needs of children between the ages of 1 to 15 years old. Out of its mandate to provide access to information, knowledge, and educational resources, the Local Authority has been actively engaging well-wishers to revamp the library and finally managed to secure a donation of K29,459.00, 3000 books and Staff Training from Book Aid International in partnership with the Zambia Library Service, which has enabled the establishment of the Children’s Corner. Speaking during the launch, Town Clerk for Mbala Municipal Council Mrs. Laura Yumba Munkanta expressed excitement at the new addition to the facility, as it will contribute to the establishment of a solid literacy foundation for children at their critical learning age. She further expressed gratitude to Book Aid International and the Zambia Library Service for funding the establishment of the Children’s Corner, the first of its kind in the District. And Mbala District Education Board Secretary in his remarks urged parents and teachers to encourage learners to utilize the Children’s Corner in order to promote the culture of reading among children as it is crucial to education. He further encouraged learners to subscribe for membership so as to fully benefit from the services being provided at the facility. The launch was characterized by a spelling competition between Grade 6 students from Chila Primary School and Mbala Primary School. Mbala Primary School walked away with the winning prize inclusive of hardcover books, pencils, and pens. In attendance was Mbala Municipal Council Town Clerk, District Education Board Secretary, Constituency Development Fund Committee Chairperson, Local Authority Management, various Stakeholders, Teachers and Pupils from various schools. The facility shall be accessible free of charge, but attracts a membership fee of K10 per month or K100 per year, for access to services such as borrowing books.|2141|post
https://www.mbalacouncil.gov.zm/?p=1854||1854.0|ZAMBIA CELEBRATES 59 YEARS OF INDEPENDENCE|2023-10-26T08:14:12+00:00|department|Mbala District joined the rest of the nation in the celebration of 59 years of Zambia’s independence. Government Departments, Parastatals, the Zambia Air Force, Civil Society Organizations, and Citizens from all walks of life joined the procession of the march past from the Cenotaph to the Civic Centre, where the commemoration was held on October 24 th 2023. Speaking during the event, District Commissioner Mrs. Anne Paul encouraged Zambians to sustain the freedom, peace and unity which freedom fighters shed their blood for in the fight for Zambia’s independence from colonization and slavery. She encouraged all to emulate the valor and courage exhibited by the freedom fighters even to the point of d eath. The commemoration was also graced by the presence of Mr. Blackson Chinama, a freedom fighter who took part in Zambia’s fight for freedom in 1964. In his speech, Mr. Chinama encouraged Zambians to continue the fight for freedom from issues that have affected the average Zambian such as poverty. The assembly honored the senior citizen with a round of applause for contributing to the attainment of mother Zambia’s freedom. And in her welcoming remarks, Town Clerk for Mbala Municipal Council, Mrs. Laura Yumba Munkanta stated that, it was her privilege to be part of the independence celebration as it is the day when our forefathers won the fight for the freedom we enjoy today. Mbala District also observed the hosting of the flag and gun salute on the night of Independence Eve at the Civic Centre.|1515|post
https://www.mbalacouncil.gov.zm/?p=1826||1826.0|MBALA MUNICIPAL COUNCIL AWARDS CDF EMPOWERMENT LOANS TO 22 BENEFICIARY GROUPS|2023-10-09T22:18:31+00:00|cdf|Luapula Province Minister & Member of Parliament for Mbala Constituency, Honorable Njavwa Simutowe has today awarded CDF Empowerment Loans to 22 approved beneficiaries from the 2022 CDF allocation and 1 approved beneficiary from the 2023 allocation. The 22 approved beneficiaries who have been awarded under the 2022 CDF allocation are a fraction of beneficiaries who will also be awarded within the next few weeks under the 2022 allocation collectively amounting to K2,229,290. Speaking during the awarding ceremony held today at the civic centre, the honorable minister expressed gratification to witness the empowerment of small and medium scale enterprises (SME’s), Cooperatives, Clubs, Associations and individuals with loans that will enable them to initiate or boost already existing businesses, which will result in job creation and economic growth in the District. And in her welcoming remarks, Town Clerk for Mbala Municipal Council Mrs. Laura Yumba Munkanta assured civic leaders and stakeholders that the Local Authority is committed to providing guidance to the beneficiaries and monitoring their progress to ensure that CDF guidelines are strictly adhered to in order to maximize the output of the businesses that the beneficiaries will take on. The Town Clerk further urged the banks to expedite the processing and issuing of CDF empowerment loans to avoid unnecessary delays. Mrs. Munkanta also stated that the approved beneficiaries underwent financial literacy training on 29th September 2023 and is therefore confident that the beneficiaries are well aware of the terms and conditions of the CDF loans they have received and will therefore abide by them. And in her remarks, District Commissioner Mrs. Anne Paul challenged beneficiaries of CDF empowerment loans and grants to bring forth testament of the actualization of CDF in order to build the faith of the public in the government’s efforts, especially to those who have not received empowerment funds yet. Meanwhile his Worship the Mayor Mr. Mulenga Sinyangwe urged the beneficiaries to refrain from diverting the funds to endeavors contrary to what was submitted in their applications as this will attract repercussions.|2196|post
https://www.mbalacouncil.gov.zm/?p=1819||1819.0|Mbala Municipal Council begins rehabilitating Feeder Roads.  CDF at Work!|2023-10-06T13:01:35+00:00|cdf;budget_finance|Mbala Municipal Council begins rehabilitating Feeder Roads.  CDF at Work! – Mbala Municipal Council Menu Contact Information Mbala Municipal Council Mbala District Northern Province, Zambia A.K Wilombe Lane P.O Box 420057 Tel: 0971921116 Email:mbalacouncil@gmail.com Quick Links Ministry of Local Government and Rural Development Local Government Service Comission Ministry of Finance and National PlanningMinistry of Finance and National Planning Ministry of Agriculture National Assembly of Zambia Local Government Training Institute SMART Zambia ©2025. SMART Zambia Institute & Mbala Municipal Council. All Rights Reserved.|626|post
https://www.mbalacouncil.gov.zm/?p=1817||1817.0|PROVINCIAL MINISTER NJAVWA SIMUTOWE – MP HANDS OVER GRADER TO COUNCIL PURCHASED THROUGH CDF.|2023-10-06T12:55:30+00:00|cdf;department;ward|Mbala Municipal Council has procured a brand new Grader through the 2023 Constituency Development Fund at a cost of K2,499,500. The Grader was commissioned by Honorable Njavwa Simutowe – MP during a ceremony held on 18 th August 2023 at Old Location Round About, in the presence of His Worship The Mayor Mr. Mulenga Sinyangwe, the District Commissioner Mrs. Anne Paul, government departments, stakeholders, community members and the press. The acquisition of the new Grader has enabled the Local Authority to begin rehabilitating feeder roads thereby improving rural road connectivity and bring about inclusive socio economic transformation in the District. The law maker in his speech highlighted challenges faced by Government Officers such as difficulty in reaching rural areas to deliver public services due to the dilapidated and impassable roads the District is characterized by. This has also posed a challenge for patients to easily access Health Centres and farmers to transport their produce to the intended market. Honorable Simutowe has further commended the Local Authority for beginning the procurement process of a Tipper Truck, an  accompanying piece of machinery required in the rehabilitation of feeder roads. Speaking during the event, the District Commissioner Mrs. Anne Paul urged the Local Authority and the CDF Committee to plan for the procurement of complimenting equipment such as a roller compactor, and other requisite equipment in order to complete the set as the Grader cannot be used in isolation. And Ward Councilor for Kazimolwa Ward, Hon. Hastings Sinyangwe in his vote of thanks commended the government for strengthening the capacity of Local Authorities through massive increment in the constituency development fund allocations.|1766|post
https://www.mbalacouncil.gov.zm/?p=1803||1803.0|MBALA DISBURSES OVER K2 MILLION IN CDF EMPOWERMENT GRANTS|2023-10-06T12:49:59+00:00|cdf|Mbala Municipal Council disbursed K2,151,856,55 in Grants under the Women, Youth and Community Empowerment component of the 2023 CDF allocation during an awarding ceremony held on 23 rd June 2023 at the Civic Centre. 76 groups including Cooperatives, Clubs, and Youth Groups drawn from all the nine wards of Mbala District received Constituency Development Fund Grants during the well-attended ceremony. Applications which were funded include piggery, poultry, peanut butter processing, sunflower oil processing, fish farming, goat rearing, village banking and crop growing among others. Speaking during the event, Hon.Simutowe reminded beneficiaries of the government’s expectation that the disbursed grants must be used  to to implement the viable projects applied for, in order to relieve the burden of poverty in the communities, uplift the wellbeing of the people and stimulate economic activities in respective wards. He further encouraged the beneficiaries to maximize output from their ventures so as to bring sustenance in their livelihoods, create jobs and contribute meaningfully to the national food basket. Meanwhile, Mbala Municipal Council Town Clerk, Mrs. Laura Yumba Munkanta stated that the Local Authority had previously given out grants to 48 groups and bursaries to 79 learners under the 2022 CDF allocation and encouraged community members to continue submitting applications as the submission and processing of applications is an ongoing process. The awarding ceremony was graced by Hon. Njavwa Simutowe in the company of The District Commissioner Mrs. Anne Paul, Deputy Mayor Mr. Alfred Ntuntu, the District Commissioner Mrs. Anne Paul and the Town Clerk Mrs. Laura Yumba Munkanta. Also in attendance was the CDF Committee, and representatives of Cooperatives, Clubs and groups across all wards of the District.|1835|post
